[{
        "Title": "Back to the Future",
        "Year": "1985",
        "Rated": "PG",
        "Released": "03 Jul 1985",
        "Runtime": "116 min",
        "Genre": "Adventure, Comedy, Sci-Fi",
        "Director": "Robert Zemeckis",
        "Writer": "Robert Zemeckis, Bob Gale",
        "Actors": "Michael J. Fox, Christopher Lloyd, Lea Thompson, Crispin Glover",
        "Plot": "Marty McFly, a 17-year-old high school student, is accidentally sent thirty years into the past in a time-traveling DeLorean invented by his close friend, the maverick scientist Doc Brown.",
        "Language": "English",
        "Country": "USA",
        "Awards": "Won 1 Oscar. Another 19 wins & 25 nominations.",
        "Poster": "https://images-na.ssl-images-amazon.com/images/M/MV5BZmU0M2Y1OGUtZjIxNi00ZjBkLTg1MjgtOWIyNThiZWIwYjRiXkEyXkFqcGdeQXVyMTQxNzMzNDI@._V1_SX300.jpg",
        "Ratings": [{
            "Source": "Internet Movie Database",
            "Value": "8.5/10"
        }, {
            "Source": "Rotten Tomatoes",
            "Value": "96%"
        }, {
            "Source": "Metacritic",
            "Value": "86/100"
        }],
        "Metascore": "86",
        "imdbRating": "8.5",
        "imdbVotes": "841,355",
        "imdbID": "tt0088763",
        "Type": "movie",
        "DVD": "17 Dec 2002",
        "BoxOffice": "$2,925,880",
        "Production": "Universal Pictures",
        "Website": "http://www.bttfmovie.com/",
        "Response": "True"
    },
    {
        "Title": "Back to the Future Part II",
        "Year": "1989",
        "Rated": "PG",
        "Released": "22 Nov 1989",
        "Runtime": "108 min",
        "Genre": "Adventure, Comedy, Sci-Fi",
        "Director": "Robert Zemeckis",
        "Writer": "Robert Zemeckis (characters), Bob Gale (characters), Robert Zemeckis (story), Bob Gale (story), Bob Gale (screenplay)",
        "Actors": "Michael J. Fox, Christopher Lloyd, Lea Thompson, Thomas F. Wilson",
        "Plot": "After visiting 2015, Marty McFly must repeat his visit to 1955 to prevent disastrous changes to 1985...without interfering with his first trip.",
        "Language": "English",
        "Country": "USA",
        "Awards": "Nominated for 1 Oscar. Another 9 wins & 8 nominations.",
        "Poster": "https://images-na.ssl-images-amazon.com/images/M/MV5BZTMxMGM5MjItNDJhNy00MWI2LWJlZWMtOWFhMjI5ZTQwMWM3XkEyXkFqcGdeQXVyMTQxNzMzNDI@._V1_SX300.jpg",
        "Ratings": [{
            "Source": "Internet Movie Database",
            "Value": "7.8/10"
        }, {
            "Source": "Rotten Tomatoes",
            "Value": "63%"
        }, {
            "Source": "Metacritic",
            "Value": "57/100"
        }],
        "Metascore": "57",
        "imdbRating": "7.8",
        "imdbVotes": "385,984",
        "imdbID": "tt0096874",
        "Type": "movie",
        "DVD": "17 Dec 2002",
        "BoxOffice": "N/A",
        "Production": "Universal Pictures",
        "Website": "N/A",
        "Response": "True"
    },
    {
        "Title": "Back to the Future Part III",
        "Year": "1990",
        "Rated": "PG",
        "Released": "25 May 1990",
        "Runtime": "118 min",
        "Genre": "Adventure, Comedy, Sci-Fi",
        "Director": "Robert Zemeckis",
        "Writer": "Robert Zemeckis (characters), Bob Gale (characters), Robert Zemeckis (story), Bob Gale (story), Bob Gale (screenplay)",
        "Actors": "Michael J. Fox, Christopher Lloyd, Mary Steenburgen, Thomas F. Wilson",
        "Plot": "Enjoying a peaceable existence in 1885, Doctor Emmet Brown is about to be killed by Buford \"Mad Dog\" Tannen. Marty McFly travels back in time to save his friend.",
        "Language": "English",
        "Country": "USA",
        "Awards": "5 wins & 11 nominations.",
        "Poster": "https://images-na.ssl-images-amazon.com/images/M/MV5BYjhlMGYxNmMtOWFmMi00Y2M2LWE5NWYtZTdlMDRlMGEzMDA3XkEyXkFqcGdeQXVyMTQxNzMzNDI@._V1_SX300.jpg",
        "Ratings": [{
            "Source": "Internet Movie Database",
            "Value": "7.4/10"
        }, {
            "Source": "Rotten Tomatoes",
            "Value": "74%"
        }, {
            "Source": "Metacritic",
            "Value": "55/100"
        }],
        "Metascore": "55",
        "imdbRating": "7.4",
        "imdbVotes": "326,083",
        "imdbID": "tt0099088",
        "Type": "movie",
        "DVD": "17 Dec 2002",
        "BoxOffice": "N/A",
        "Production": "MCA Universal Home Video",
        "Website": "N/A",
        "Response": "True"
    },
    {
        "Title": "Historic Homes of the Future",
        "Year": "2018",
        "Rated": "N/A",
        "Released": "N/A",
        "Runtime": "N/A",
        "Genre": "Drama",
        "Director": "Roz Owen",
        "Writer": "Roz Owen",
        "Actors": "Cara Gee, Jon Cor, Fiona Reid, Frank Moore",
        "Plot": "N/A",
        "Language": "English",
        "Country": "Canada",
        "Awards": "N/A",
        "Poster": "N/A",
        "Ratings": [],
        "Metascore": "N/A",
        "imdbRating": "N/A",
        "imdbVotes": "N/A",
        "imdbID": "tt7634614",
        "Type": "movie",
        "DVD": "N/A",
        "BoxOffice": "N/A",
        "Production": "N/A",
        "Website": "N/A",
        "Response": "True"
    }
]