[{
        "Title": "I, Robot",
        "Year": "2004",
        "imdbID": "tt0343818",
        "Type": "movie",
        "Poster": "https://images-na.ssl-images-amazon.com/images/M/MV5BMTQwNzI5NTQ0OF5BMl5BanBnXkFtZTYwMTI3Mjk2._V1_SX300.jpg"
    },
    {
        "Title": "Mr. Robot",
        "Year": "2015–",
        "imdbID": "tt4158110",
        "Type": "series",
        "Poster": "https://images-na.ssl-images-amazon.com/images/M/MV5BMTYzMDE2MzI4MF5BMl5BanBnXkFtZTgwNTkxODgxOTE@._V1_SX300.jpg"
    },
    {
        "Title": "Robot & Frank",
        "Year": "2012",
        "imdbID": "tt1990314",
        "Type": "movie",
        "Poster": "https://images-na.ssl-images-amazon.com/images/M/MV5BMTUzMTE0NTk4Ml5BMl5BanBnXkFtZTcwNjQ1OTMwOA@@._V1_SX300.jpg"
    },
    {
        "Title": "Robot Chicken",
        "Year": "2001–",
        "imdbID": "tt0437745",
        "Type": "series",
        "Poster": "https://images-na.ssl-images-amazon.com/images/M/MV5BY2I0MjFhNmUtMzI4OS00ODI0LWExZGItMTdjNDExM2YwOGJmXkEyXkFqcGdeQXVyNTAyODkwOQ@@._V1_SX300.jpg"
    },
    {
        "Title": "Robot Chicken: Star Wars",
        "Year": "2007",
        "imdbID": "tt1020990",
        "Type": "movie",
        "Poster": "https://images-na.ssl-images-amazon.com/images/M/MV5BMTg5Mjc5OTQxM15BMl5BanBnXkFtZTcwOTM1MDk3MQ@@._V1._CR114,24,284,413_SY132_CR1,0,89,132_AL_.jpg_V1_SX300.jpg"
    },
    {
        "Title": "My Life as a Teenage Robot",
        "Year": "2003–2009",
        "imdbID": "tt0318233",
        "Type": "series",
        "Poster": "https://images-na.ssl-images-amazon.com/images/M/MV5BOWI5NTNhZGMtMDRhNy00MTkyLTg5OTMtMzhjN2JmMTVlZTU4XkEyXkFqcGdeQXVyNjk1Njg5NTA@._V1_SX300.jpg"
    },
    {
        "Title": "Robot Overlords",
        "Year": "2014",
        "imdbID": "tt2145829",
        "Type": "movie",
        "Poster": "https://images-na.ssl-images-amazon.com/images/M/MV5BMjM1ODc0MDgzNV5BMl5BanBnXkFtZTgwMzcyNzE1NDE@._V1_SX300.jpg"
    },
    {
        "Title": "Robot Jox",
        "Year": "1989",
        "imdbID": "tt0102800",
        "Type": "movie",
        "Poster": "https://images-na.ssl-images-amazon.com/images/M/MV5BMGVmNjRiMTYtNDlmNC00ZTk0LWI4ZjMtMGEzMGYwMDhiOGMxXkEyXkFqcGdeQXVyMTQxNzMzNDI@._V1_SX300.jpg"
    },
    {
        "Title": "Robot Monster",
        "Year": "1953",
        "imdbID": "tt0046248",
        "Type": "movie",
        "Poster": "https://images-na.ssl-images-amazon.com/images/M/MV5BMzg0OTM5Mzg3NF5BMl5BanBnXkFtZTgwNjY3MDQ1MjE@._V1_SX300.jpg"
    },
    {
        "Title": "Robot Chicken: Star Wars Episode II",
        "Year": "2008",
        "imdbID": "tt1334272",
        "Type": "movie",
        "Poster": "https://images-na.ssl-images-amazon.com/images/M/MV5BMjIyNTg2OTcyOV5BMl5BanBnXkFtZTcwNDQxODQzNA@@._V1._CR342,682,819,1182_SY132_CR1,0,89,132_AL_.jpg_V1_SX300.jpg"
    },
    {
        "Title": "Robot Chicken: Star Wars Episode III",
        "Year": "2010",
        "imdbID": "tt1691338",
        "Type": "movie",
        "Poster": "https://images-na.ssl-images-amazon.com/images/M/MV5BMjAyNTYzODM3OF5BMl5BanBnXkFtZTcwMTY4ODM4NA@@._V1._CR21,12,310,461_SX89_AL_.jpg_V1_SX300.jpg"
    },
    {
        "Title": "The Aztec Mummy Against the Humanoid Robot",
        "Year": "1958",
        "imdbID": "tt0050717",
        "Type": "movie",
        "Poster": "https://images-na.ssl-images-amazon.com/images/M/MV5BYTAyODI0N2YtYzMxMi00MDZlLTk4MjctOWQ3YjQ3NTIwZWVjXkEyXkFqcGdeQXVyNTc4Njg5MjA@._V1_SX300.jpg"
    },
    {
        "Title": "Super Robot Monkey Team Hyperforce Go!",
        "Year": "2004–2006",
        "imdbID": "tt0423746",
        "Type": "series",
        "Poster": "https://images-na.ssl-images-amazon.com/images/M/MV5BMTc3ODIwOTc1Nl5BMl5BanBnXkFtZTcwNzM3NzgzMQ@@._V1_SX300.jpg"
    },
    {
        "Title": "Robot Chicken: DC Comics Special",
        "Year": "2012",
        "imdbID": "tt2381287",
        "Type": "movie",
        "Poster": "https://images-na.ssl-images-amazon.com/images/M/MV5BMTkzMDM2OTUzMF5BMl5BanBnXkFtZTcwMzQ1OTk1OQ@@._V1._CR26,38,924,1320_SY132_CR1,0,89,132_AL_.jpg_V1_SX300.jpg"
    },
    {
        "Title": "Robot Stories",
        "Year": "2003",
        "imdbID": "tt0301777",
        "Type": "movie",
        "Poster": "https://images-na.ssl-images-amazon.com/images/M/MV5BMTk2MzY3NzM4N15BMl5BanBnXkFtZTcwNzc2ODcyMQ@@._V1_SX300.jpg"
    },
    {
        "Title": "Robot Holocaust",
        "Year": "1986",
        "imdbID": "tt0093872",
        "Type": "movie",
        "Poster": "https://images-na.ssl-images-amazon.com/images/M/MV5BMTg2MTQxMTE5NF5BMl5BanBnXkFtZTcwMDgyMTM4NA@@._V1_SX300.jpg"
    },
    {
        "Title": "Robot Carnival",
        "Year": "1987",
        "imdbID": "tt0093871",
        "Type": "movie",
        "Poster": "https://images-na.ssl-images-amazon.com/images/M/MV5BZDc0NTIzZDUtYmRmYS00NGU3LTk3ZDEtNzQ1M2YwN2M2MDg5XkEyXkFqcGdeQXVyNTAyODkwOQ@@._V1_SX300.jpg"
    },
    {
        "Title": "Rogue Warrior: Robot Fighter",
        "Year": "2017",
        "imdbID": "tt4937114",
        "Type": "movie",
        "Poster": "https://images-na.ssl-images-amazon.com/images/M/MV5BMjI1Njk0MTE1Ml5BMl5BanBnXkFtZTgwNTQ4MjM5NzE@._V1_SX300.jpg"
    },
    {
        "Title": "Robot and Monster",
        "Year": "2012–2015",
        "imdbID": "tt2349440",
        "Type": "series",
        "Poster": "https://images-na.ssl-images-amazon.com/images/M/MV5BNjg1MjdhZDgtNGU5ZS00ODQwLWIxNWEtZDA2YzA0OWY1MzA3XkEyXkFqcGdeQXVyNjExODE1MDc@._V1_SX300.jpg"
    },
    {
        "Title": "Robot Wars",
        "Year": "1998–2018",
        "imdbID": "tt0163488",
        "Type": "series",
        "Poster": "https://images-na.ssl-images-amazon.com/images/M/MV5BYzRlZDBjMjctOTU4Yy00MzBhLWE4NTgtODQ0YjQxNjg3M2IxXkEyXkFqcGdeQXVyNTM3MDMyMDQ@._V1_SX300.jpg"
    },
    {
        "Title": "Cyborg",
        "Year": "1989",
        "imdbID": "tt0097138",
        "Type": "movie",
        "Poster": "https://images-na.ssl-images-amazon.com/images/M/MV5BMDk0MmYyMWMtOWVhNS00ZTM4LWI0NGEtMTMxYWFjYjVhNWVlXkEyXkFqcGdeQXVyMTQxNzMzNDI@._V1_SX300.jpg"
    },
    {
        "Title": "I'm a Cyborg, But That's OK",
        "Year": "2006",
        "imdbID": "tt0497137",
        "Type": "movie",
        "Poster": "https://images-na.ssl-images-amazon.com/images/M/MV5BMTAwMjQ0NjQzMTReQTJeQWpwZ15BbWU4MDEyNjg3NTIx._V1_SX300.jpg"
    },
    {
        "Title": "Cyborg 2: Glass Shadow",
        "Year": "1993",
        "imdbID": "tt0106639",
        "Type": "movie",
        "Poster": "https://images-na.ssl-images-amazon.com/images/M/MV5BNjVkZGEwYzctOWVkNS00ODEzLTgyMTYtZDI5YTdiYjFkYjBmXkEyXkFqcGdeQXVyNzc5MjA3OA@@._V1_SX300.jpg"
    },
    {
        "Title": "Cyborg Girl",
        "Year": "2008",
        "imdbID": "tt0929860",
        "Type": "movie",
        "Poster": "https://images-na.ssl-images-amazon.com/images/M/MV5BMzFmYzAzMGMtZGMxMy00MzYzLWEwMWEtOWY0M2FkNzMyNGM5XkEyXkFqcGdeQXVyMjI2MDQxODA@._V1_SX300.jpg"
    },
    {
        "Title": "Cyborg Girl",
        "Year": "2008",
        "imdbID": "tt0929860",
        "Type": "movie",
        "Poster": "https://images-na.ssl-images-amazon.com/images/M/MV5BMzFmYzAzMGMtZGMxMy00MzYzLWEwMWEtOWY0M2FkNzMyNGM5XkEyXkFqcGdeQXVyMjI2MDQxODA@._V1_SX300.jpg"
    },
    {
        "Title": "American Cyborg: Steel Warrior",
        "Year": "1993",
        "imdbID": "tt0109098",
        "Type": "movie",
        "Poster": "https://images-na.ssl-images-amazon.com/images/M/MV5BMTI4ODgyNzUyMV5BMl5BanBnXkFtZTcwMDQ4NzMyMQ@@._V1_SX300.jpg"
    },
    {
        "Title": "Cyborg X",
        "Year": "2016",
        "imdbID": "tt3899262",
        "Type": "movie",
        "Poster": "https://images-na.ssl-images-amazon.com/images/M/MV5BMTgyNDkzNjA0OV5BMl5BanBnXkFtZTgwMTM1Mzc0OTE@._V1_SX300.jpg"
    },
    {
        "Title": "Cyborg Soldier",
        "Year": "2008",
        "imdbID": "tt1151928",
        "Type": "movie",
        "Poster": "https://images-na.ssl-images-amazon.com/images/M/MV5BMTQ2MzI1MTMzNl5BMl5BanBnXkFtZTcwOTQ5MTU0OQ@@._V1_SX300.jpg"
    },
    {
        "Title": "Cyborg Cop",
        "Year": "1993",
        "imdbID": "tt0109517",
        "Type": "movie",
        "Poster": "https://images-na.ssl-images-amazon.com/images/M/MV5BMjE3MTAwMjExOF5BMl5BanBnXkFtZTcwOTI0ODQyMQ@@._V1_SX300.jpg"
    },
    {
        "Title": "Cyborg 3: The Recycler",
        "Year": "1994",
        "imdbID": "tt0112765",
        "Type": "movie",
        "Poster": "https://images-na.ssl-images-amazon.com/images/M/MV5BMTg0NjM3NDk0M15BMl5BanBnXkFtZTcwOTE3OTAzMQ@@._V1_SX300.jpg"
    },
    {
        "Title": "Cyborg Cop II",
        "Year": "1994",
        "imdbID": "tt0109518",
        "Type": "movie",
        "Poster": "https://images-na.ssl-images-amazon.com/images/M/MV5BODhiOTYxZTEtMmI2My00NzlmLWJjODUtMGZiMzA2M2ZlZDMzXkEyXkFqcGdeQXVyNjU0NTI0Nw@@._V1_SX300.jpg"
    },
    {
        "Title": "Metallic Attraction: Kungfu Cyborg",
        "Year": "2009",
        "imdbID": "tt1494775",
        "Type": "movie",
        "Poster": "https://images-na.ssl-images-amazon.com/images/M/MV5BYjhiNzMxNDctOWRhYi00OWQ4LTljM2QtNjcxYzllZmM5ZjM1XkEyXkFqcGdeQXVyMjExMzEyNTM@._V1_SX300.jpg"
    },
    {
        "Title": "009 Re: Cyborg",
        "Year": "2012",
        "imdbID": "tt2078523",
        "Type": "movie",
        "Poster": "https://images-na.ssl-images-amazon.com/images/M/MV5BMTQ5NjMxNzQ5MV5BMl5BanBnXkFtZTgwNTMyMDkxMjE@._V1_SX300.jpg"
    },
    {
        "Title": "Cyborg 009",
        "Year": "2001–2002",
        "imdbID": "tt0372650",
        "Type": "series",
        "Poster": "https://images-na.ssl-images-amazon.com/images/M/MV5BMTIwOTk1OTQzN15BMl5BanBnXkFtZTcwMDg4NjQyMQ@@._V1_SX300.jpg"
    },
    {
        "Title": "Cyborg 2087",
        "Year": "1966",
        "imdbID": "tt0060272",
        "Type": "movie",
        "Poster": "https://images-na.ssl-images-amazon.com/images/M/MV5BNzNlZDFiNjYtMzMyZi00NzYwLTg1M2YtZDg3ZTcxMjcyOGJkXkEyXkFqcGdeQXVyMzU0NzkwMDg@._V1_SX300.jpg"
    },
    {
        "Title": "Cyborg Cop III",
        "Year": "1995",
        "imdbID": "tt0112766",
        "Type": "movie",
        "Poster": "https://images-na.ssl-images-amazon.com/images/M/MV5BMTIxMjIyMjE4N15BMl5BanBnXkFtZTcwMjQyMDEyMQ@@._V1_SX300.jpg"
    },
    {
        "Title": "Cyborg 009: Call of Justice I",
        "Year": "2016",
        "imdbID": "tt5894272",
        "Type": "movie",
        "Poster": "https://images-na.ssl-images-amazon.com/images/M/MV5BMzEwZGI2MmUtOWEzYS00ODhkLWE4YzctMTNjM2JhYjZhYWU1L2ltYWdlXkEyXkFqcGdeQXVyNjY1OTY4MTk@._V1_SX300.jpg"
    },
    {
        "Title": "Cyborg 009 VS Devilman",
        "Year": "2015",
        "imdbID": "tt5675016",
        "Type": "movie",
        "Poster": "https://images-na.ssl-images-amazon.com/images/M/MV5BNTc0MTBhMDEtOTQ4Yi00ZmMzLWEwZmEtZTUxMjFlNmM1Mzg1XkEyXkFqcGdeQXVyNjYzMDA4MTI@._V1_SX300.jpg"
    },
    {
        "Title": "Cyborg 009: Legend of the Super Galaxy",
        "Year": "1980",
        "imdbID": "tt0188535",
        "Type": "movie",
        "Poster": "https://images-na.ssl-images-amazon.com/images/M/MV5BMTA4OTA4MzU0NTdeQTJeQWpwZ15BbWU2MDkxMDM4OQ@@._V1_SX300.jpg"
    },
    {
        "Title": "Cyborg Nemesis",
        "Year": "2014",
        "imdbID": "tt2075291",
        "Type": "movie",
        "Poster": "N/A"
    },
    {
        "Title": "Silicon Valley",
        "Year": "2014–",
        "imdbID": "tt2575988",
        "Type": "series",
        "Poster": "https://images-na.ssl-images-amazon.com/images/M/MV5BOTA4MTE3MTQwMF5BMl5BanBnXkFtZTgwNzk4MTg4MTI@._V1_SX300.jpg"
    },
    {
        "Title": "Pirates of Silicon Valley",
        "Year": "1999",
        "imdbID": "tt0168122",
        "Type": "movie",
        "Poster": "https://images-na.ssl-images-amazon.com/images/M/MV5BNDc2NTE0NzE4N15BMl5BanBnXkFtZTgwMDQ5MzgwMzE@._V1_SX300.jpg"
    },
    {
        "Title": "Crying... Silicon Tears",
        "Year": "2001",
        "imdbID": "tt0298954",
        "Type": "movie",
        "Poster": "https://images-na.ssl-images-amazon.com/images/M/MV5BYmY5OWVhYzgtMjUzNS00YWUyLWJhNzYtMmFiYzVmMWQ1MjJhXkEyXkFqcGdeQXVyNDE3MDcxNjg@._V1_SX300.jpg"
    },
    {
        "Title": "Silicon Cowboys",
        "Year": "2016",
        "imdbID": "tt4938484",
        "Type": "movie",
        "Poster": "https://images-na.ssl-images-amazon.com/images/M/MV5BNWRjNmRiOTktZTg3YS00ZmNiLTkxOTgtNWQ1MDFkYmVmYjM3XkEyXkFqcGdeQXVyMjEyMjc0NjA@._V1_SX300.jpg"
    },
    {
        "Title": "Silicon Towers",
        "Year": "1999",
        "imdbID": "tt0186547",
        "Type": "movie",
        "Poster": "https://images-na.ssl-images-amazon.com/images/M/MV5BMTI4NTE0MDY2NF5BMl5BanBnXkFtZTcwODcyNDAzMQ@@._V1_SX300.jpg"
    },
    {
        "Title": "Bill Maher: CrazyStupidPolitics - Live from Silicon Valley",
        "Year": "2012",
        "imdbID": "tt2266679",
        "Type": "movie",
        "Poster": "https://images-na.ssl-images-amazon.com/images/M/MV5BZjYxZTc0MTQtMTJiYi00MmZiLWJlN2UtMDQwZjkwYzJiMmJjL2ltYWdlXkEyXkFqcGdeQXVyMTM3NzQ5NzQ@._V1_SX300.jpg"
    },
    {
        "Title": "Start-Ups: Silicon Valley",
        "Year": "2012–",
        "imdbID": "tt2343117",
        "Type": "series",
        "Poster": "https://images-na.ssl-images-amazon.com/images/M/MV5BNDQ1MTY3NTE2OF5BMl5BanBnXkFtZTgwNzI1NDAxMzE@._V1_SX300.jpg"
    },
    {
        "Title": "Doctor Silicon",
        "Year": "2008",
        "imdbID": "tt1672618",
        "Type": "movie",
        "Poster": "N/A"
    },
    {
        "Title": "Silicon Valley",
        "Year": "2005",
        "imdbID": "tt0403503",
        "Type": "movie",
        "Poster": "N/A"
    },
    {
        "Title": "Silicon Valley Timelapse",
        "Year": "2008",
        "imdbID": "tt1254346",
        "Type": "movie",
        "Poster": "https://images-na.ssl-images-amazon.com/images/M/MV5BMTMyNjgwMTcyMl5BMl5BanBnXkFtZTcwNjAxODc3MQ@@._V1_SX300.jpg"
    },
    {
        "Title": "Wreck-It Ralph",
        "Year": "2012",
        "imdbID": "tt1772341",
        "Type": "movie",
        "Poster": "https://images-na.ssl-images-amazon.com/images/M/MV5BNzMxNTExOTkyMF5BMl5BanBnXkFtZTcwMzEyNDc0OA@@._V1_SX300.jpg"
    },
    {
        "Title": "As Good as It Gets",
        "Year": "1997",
        "imdbID": "tt0119822",
        "Type": "movie",
        "Poster": "https://images-na.ssl-images-amazon.com/images/M/MV5BNWMxZTgzMWEtMTU0Zi00NDc5LWFkZjctMzUxNDIyNzZiMmNjXkEyXkFqcGdeQXVyMTQxNzMzNDI@._V1_SX300.jpg"
    },
    {
        "Title": "It",
        "Year": "2017",
        "imdbID": "tt1396484",
        "Type": "movie",
        "Poster": "https://images-na.ssl-images-amazon.com/images/M/MV5BZDVkZmI0YzAtNzdjYi00ZjhhLWE1ODEtMWMzMWMzNDA0NmQ4XkEyXkFqcGdeQXVyNzYzODM3Mzg@._V1_SX300.jpg"
    },
    {
        "Title": "Some Like It Hot",
        "Year": "1959",
        "imdbID": "tt0053291",
        "Type": "movie",
        "Poster": "https://images-na.ssl-images-amazon.com/images/M/MV5BNzAyOGIxYjAtMGY2NC00ZTgyLWIwMWEtYzY0OWQ4NDFjOTc5XkEyXkFqcGdeQXVyNjU0OTQ0OTY@._V1_SX300.jpg"
    },
    {
        "Title": "Just Go with It",
        "Year": "2011",
        "imdbID": "tt1564367",
        "Type": "movie",
        "Poster": "https://images-na.ssl-images-amazon.com/images/M/MV5BMjE0MTk3MjE2Nl5BMl5BanBnXkFtZTcwMjE0ODA0NA@@._V1_SX300.jpg"
    },
    {
        "Title": "It Follows",
        "Year": "2014",
        "imdbID": "tt3235888",
        "Type": "movie",
        "Poster": "https://images-na.ssl-images-amazon.com/images/M/MV5BMmU0MjBlYzYtZWY0MC00MjliLWI3ZmUtMzhlZDVjMWVmYWY4XkEyXkFqcGdeQXVyMTQxNzMzNDI@._V1_SX300.jpg"
    },
    {
        "Title": "The IT Crowd",
        "Year": "2006–2013",
        "imdbID": "tt0487831",
        "Type": "series",
        "Poster": "https://images-na.ssl-images-amazon.com/images/M/MV5BMjE5MThjMzAtNWVmNC00YThkLTlmNzktMTM3Yzk4YTZhMTgwXkEyXkFqcGdeQXVyNTAyODkwOQ@@._V1_SX300.jpg"
    },
    {
        "Title": "Life as We Know It",
        "Year": "2010",
        "imdbID": "tt1055292",
        "Type": "movie",
        "Poster": "https://images-na.ssl-images-amazon.com/images/M/MV5BMTc1OTQzNzE0Nl5BMl5BanBnXkFtZTcwNDU4NDk3Mw@@._V1_SX300.jpg"
    },
    {
        "Title": "Pay It Forward",
        "Year": "2000",
        "imdbID": "tt0223897",
        "Type": "movie",
        "Poster": "https://images-na.ssl-images-amazon.com/images/M/MV5BNjI3ODI5NDEwMl5BMl5BanBnXkFtZTYwNDYyMjU3._V1_SX300.jpg"
    },
    {
        "Title": "Bend It Like Beckham",
        "Year": "2002",
        "imdbID": "tt0286499",
        "Type": "movie",
        "Poster": "https://images-na.ssl-images-amazon.com/images/M/MV5BMTg1Njk5NjczM15BMl5BanBnXkFtZTYwNjc2NTQ3._V1_SX300.jpg"
    },
    {
        "Title": "Les moissons du futur",
        "Year": "2012",
        "imdbID": "tt2415876",
        "Type": "movie",
        "Poster": "https://images-na.ssl-images-amazon.com/images/M/MV5BMDYzZGEyMTYtYmNlYy00M2NjLWIxODctNTNjYjE4MTIzNDM5XkEyXkFqcGdeQXVyNjU5NTUyNDA@._V1_SX300.jpg"
    },
    {
        "Title": "Le futur aux trousses",
        "Year": "1975",
        "imdbID": "tt0072591",
        "Type": "movie",
        "Poster": "http://ia.media-imdb.com/images/M/MV5BZWI0MWQyYjgtZjBjMy00ZDNlLTg1YzQtMDVjNjdiNzQ4NmYxXkEyXkFqcGdeQXVyNDUxNjc5NjY@._V1_SX300.jpg"
    },
    {
        "Title": "Le futur proche",
        "Year": "2012",
        "imdbID": "tt2311844",
        "Type": "movie",
        "Poster": "https://images-na.ssl-images-amazon.com/images/M/MV5BMWY4MTgxZmMtOTdlMS00ZjEzLTgzNTAtYTg4ZWNhNzUzNWU0L2ltYWdlXkEyXkFqcGdeQXVyNTA1NDY3NzY@._V1_SX300.jpg"
    },
    {
        "Title": "Futur par Starck",
        "Year": "2013",
        "imdbID": "tt2918490",
        "Type": "movie",
        "Poster": "N/A"
    },
    {
        "Title": "Fleurs du Futur: Agua Boa",
        "Year": "2012",
        "imdbID": "tt2960902",
        "Type": "movie",
        "Poster": "N/A"
    },
    {
        "Title": "Futur Prosli",
        "Year": "2013",
        "imdbID": "tt3176604",
        "Type": "movie",
        "Poster": "N/A"
    },
    {
        "Title": "Per un futur sense Alzheimer",
        "Year": "2013",
        "imdbID": "tt3430368",
        "Type": "movie",
        "Poster": "N/A"
    },
    {
        "Title": "L'avenir du futur",
        "Year": "1975–1987",
        "imdbID": "tt3738668",
        "Type": "series",
        "Poster": "N/A"
    },
    {
        "Title": "L'ouvrier futur",
        "Year": "1909",
        "imdbID": "tt4218276",
        "Type": "movie",
        "Poster": "N/A"
    },
    {
        "Title": "Souvenirs d'un futur radieux",
        "Year": "2014",
        "imdbID": "tt4248872",
        "Type": "movie",
        "Poster": "N/A"
    },
    {
        "Title": "Futurama",
        "Year": "1999–2013",
        "imdbID": "tt0149460",
        "Type": "series",
        "Poster": "https://images-na.ssl-images-amazon.com/images/M/MV5BNzA2ZDk2ZTUtMWU2Yi00NDVmLTk1ODEtMmFmMjQyNWYzODI0XkEyXkFqcGdeQXVyNTA4NzY1MzY@._V1_SX300.jpg"
    },
    {
        "Title": "Futurama: Bender's Big Score",
        "Year": "2007",
        "imdbID": "tt0471711",
        "Type": "movie",
        "Poster": "https://images-na.ssl-images-amazon.com/images/M/MV5BM2U3NmRiNDItMDQwYy00Y2Q0LWJiYzItNjAzNThkZjFlM2RiXkEyXkFqcGdeQXVyNTA4NzY1MzY@._V1_SX300.jpg"
    },
    {
        "Title": "Futurama: The Beast with a Billion Backs",
        "Year": "2008",
        "imdbID": "tt1054485",
        "Type": "movie",
        "Poster": "https://images-na.ssl-images-amazon.com/images/M/MV5BOTQxMDYyMjA0NF5BMl5BanBnXkFtZTcwNjE2NjU2MQ@@._V1._CR13,2,350,496_SY132_CR2,0,89,132_AL_.jpg_V1_SX300.jpg"
    },
    {
        "Title": "Futurama: Bender's Game",
        "Year": "2008",
        "imdbID": "tt1054486",
        "Type": "movie",
        "Poster": "https://images-na.ssl-images-amazon.com/images/M/MV5BMTA3MjU2ODg0NjVeQTJeQWpwZ15BbWU3MDIxMjY1ODE@._V1._CR15,1,357,497_SY132_CR3,0,89,132_AL_.jpg_V1_SX300.jpg"
    },
    {
        "Title": "Futurama: Into the Wild Green Yonder",
        "Year": "2009",
        "imdbID": "tt1054487",
        "Type": "movie",
        "Poster": "https://images-na.ssl-images-amazon.com/images/M/MV5BMTczMzkwMzE5NF5BMl5BanBnXkFtZTcwNzA0ODgyMg@@._V1._CR18,2,354,496_SY132_CR2,0,89,132_AL_.jpg_V1_SX300.jpg"
    },
    {
        "Title": "Futurama: The Lost Adventure",
        "Year": "2008",
        "imdbID": "tt1253575",
        "Type": "movie",
        "Poster": "https://images-na.ssl-images-amazon.com/images/M/MV5BOTc0MDkzZmEtYmFlOS00ODhmLWFiMDQtY2YxMWJkZGU3YjgyXkEyXkFqcGdeQXVyNjE2NDc1MDc@._V1_SX300.jpg"
    },
    {
        "Title": "Futurama",
        "Year": "2003",
        "imdbID": "tt0377952",
        "Type": "game",
        "Poster": "N/A"
    },
    {
        "Title": "'Futurama' Returns",
        "Year": "2007",
        "imdbID": "tt1230102",
        "Type": "movie",
        "Poster": "https://images-na.ssl-images-amazon.com/images/M/MV5BMTYzMGM4MWQtOTUzMS00ZDEwLTg5MTQtZWE4ZTc1YTc4YmZmXkEyXkFqcGdeQXVyNjE2NDc1MDc@._V1_SX300.jpg"
    },
    {
        "Title": "'Futurama': Bite My Shiny Metal X",
        "Year": "2007",
        "imdbID": "tt1230103",
        "Type": "movie",
        "Poster": "N/A"
    },
    {
        "Title": "Futurama Featurette",
        "Year": "2002",
        "imdbID": "tt0471710",
        "Type": "movie",
        "Poster": "N/A"
    }, {
        "Title": "'Futurama': Welcome to the World of Tomorrow",
        "Year": "1999",
        "imdbID": "tt1223208",
        "Type": "movie",
        "Poster": "N/A"
    },
    {
        "Title": "D & D & F: 'Dungeons & Dragons' & 'Futurama'",
        "Year": "2008",
        "imdbID": "tt1483352",
        "Type": "movie",
        "Poster": "http://ia.media-imdb.com/images/M/MV5BMjAzNDI2MDQyMF5BMl5BanBnXkFtZTcwNTI0OTU3Mg@@._V1_SX300.jpg"
    },
    {
        "Title": "'Futurama': The Making of It",
        "Year": "2009",
        "imdbID": "tt1690945",
        "Type": "movie",
        "Poster": "N/A"
    },
    {
        "Title": "How to Draw 'Futurama' in 83 Easy Steps",
        "Year": "2008",
        "imdbID": "tt1483383",
        "Type": "movie",
        "Poster": "N/A"
    },
    {
        "Title": "Futurama: Worlds of Tomorrow",
        "Year": "2017",
        "imdbID": "tt6904108",
        "Type": "game",
        "Poster": "https://images-na.ssl-images-amazon.com/images/M/MV5BZDk0NmVkOGEtN2I1NC00NTQyLWI2NjktZTllMzIzZTAwYTkxXkEyXkFqcGdeQXVyNjg1NDgwOTg@._V1_SX300.jpg"
    },
    {
        "Title": "How to Draw 'Futurama' in 10 Very Difficult Steps",
        "Year": "2009",
        "imdbID": "tt1690971",
        "Type": "movie",
        "Poster": "N/A"
    },
    {
        "Title": "Futurama: Game of Drones",
        "Year": "2016",
        "imdbID": "tt5481004",
        "Type": "game",
        "Poster": "N/A"
    }
]