[{
        "Title": "Terminator 2",
        "Year": "1991",
        "imdbID": "tt0103064",
        "Type": "movie",
        "Poster": "https://images-na.ssl-images-amazon.com/images/M/MV5BMGU2NzRmZjUtOGUxYS00ZjdjLWEwZWItY2NlM2JhNjkxNTFmXkEyXkFqcGdeQXVyNjU0OTQ0OTY@._V1_SX300.jpg"
    },
    {
        "Title": "The Terminator",
        "Year": "1984",
        "imdbID": "tt0088247",
        "Type": "movie",
        "Poster": "https://images-na.ssl-images-amazon.com/images/M/MV5BODE1MDczNTUxOV5BMl5BanBnXkFtZTcwMTA0NDQyNA@@._V1_SX300.jpg"
    },
    {
        "Title": "Terminator 3: Rise of the Machines",
        "Year": "2003",
        "imdbID": "tt0181852",
        "Type": "movie",
        "Poster": "https://images-na.ssl-images-amazon.com/images/M/MV5BMTk5NzM1ODgyN15BMl5BanBnXkFtZTcwMzA5MjAzMw@@._V1_SX300.jpg"
    },
    {
        "Title": "Terminator Salvation",
        "Year": "2009",
        "imdbID": "tt0438488",
        "Type": "movie",
        "Poster": "https://images-na.ssl-images-amazon.com/images/M/MV5BODE1MTM1MzA2NF5BMl5BanBnXkFtZTcwODQ5MTA2Mg@@._V1_SX300.jpg"
    },
    {
        "Title": "Terminator Genisys",
        "Year": "2015",
        "imdbID": "tt1340138",
        "Type": "movie",
        "Poster": "https://images-na.ssl-images-amazon.com/images/M/MV5BMjM1NTc0NzE4OF5BMl5BanBnXkFtZTgwNDkyNjQ1NTE@._V1_SX300.jpg"
    },
    {
        "Title": "Terminator: The Sarah Connor Chronicles",
        "Year": "2008–2009",
        "imdbID": "tt0851851",
        "Type": "series",
        "Poster": "https://images-na.ssl-images-amazon.com/images/M/MV5BZGE2ZDgyOWUtNzdiNS00OTI3LTkwZGQtMTMwNzM4YWUxNGNhXkEyXkFqcGdeQXVyNjU2NjA5NjM@._V1_SX300.jpg"
    },
    {
        "Title": "Terminator 3: Rise of the Machines",
        "Year": "2003",
        "imdbID": "tt0364056",
        "Type": "game",
        "Poster": "https://images-na.ssl-images-amazon.com/images/M/MV5BMjA5OTk4MTQwNV5BMl5BanBnXkFtZTgwMzkxNTEwMTE@._V1_SX300.jpg"
    },
    {
        "Title": "Terminator 2: Judgment Day",
        "Year": "1991",
        "imdbID": "tt0244839",
        "Type": "game",
        "Poster": "N/A"
    },
    {
        "Title": "Lady Terminator",
        "Year": "1989",
        "imdbID": "tt0095483",
        "Type": "movie",
        "Poster": "https://images-na.ssl-images-amazon.com/images/M/MV5BMTUxNTk0MzE3N15BMl5BanBnXkFtZTYwNzY3Mjg5._V1_SX300.jpg"
    },
    {
        "Title": "Ninja Terminator",
        "Year": "1985",
        "imdbID": "tt0199849",
        "Type": "movie",
        "Poster": "https://images-na.ssl-images-amazon.com/images/M/MV5BMGZiNTczNWItOTdmYy00OTFjLWIwOWUtMmE3Y2QyNzBmZDJkXkEyXkFqcGdeQXVyNzg3NjQyOQ@@._V1_SX300.jpg"
    },
    {
        "Title": "Alien Terminator",
        "Year": "1995",
        "imdbID": "tt0112320",
        "Type": "movie",
        "Poster": "https://images-na.ssl-images-amazon.com/images/M/MV5BMzNkZDc0MTgtYzMzMi00ZmZiLWE0MTYtYjVlYzE1ZGNlMDhjXkEyXkFqcGdeQXVyNzMxNjkyNjM@._V1_SX300.jpg"
    },
    {
        "Title": "Terminator Salvation: The Machinima Series",
        "Year": "2009–",
        "imdbID": "tt1446633",
        "Type": "series",
        "Poster": "https://images-na.ssl-images-amazon.com/images/M/MV5BMTU5NjAyNTY2MV5BMl5BanBnXkFtZTcwMDYwMTA5Mg@@._V1_SX300.jpg"
    },
    {
        "Title": "The Terminator",
        "Year": "1991",
        "imdbID": "tt0301928",
        "Type": "game",
        "Poster": "http://ia.media-imdb.com/images/M/MV5BMmZlYTA4MjQtODM5MS00ZTdhLWFlMmUtODU2MDk2YmFkNGE4XkEyXkFqcGdeQXVyNjExODE1MDc@._V1_SX300.jpg"
    },
    {
        "Title": "Terminator Salvation",
        "Year": "2009",
        "imdbID": "tt1330058",
        "Type": "game",
        "Poster": "http://ia.media-imdb.com/images/M/MV5BNjUzMzQ1Nzc2Ml5BMl5BanBnXkFtZTgwMjc5ODIxNjE@._V1_SX300.jpg"
    },
    {
        "Title": "The Making of 'Terminator 2: Judgment Day'",
        "Year": "1991",
        "imdbID": "tt0271049",
        "Type": "movie",
        "Poster": "https://images-na.ssl-images-amazon.com/images/M/MV5BNTQyYzJjZmItZWIwMi00ZDFlLTliNjAtZDdjYTc4M2MxNTU3XkEyXkFqcGdeQXVyMzM4MjM0Nzg@._V1_SX300.jpg"
    },
    {
        "Title": "Terminator 2 3-D: Battle Across Time Pre-Show",
        "Year": "1996",
        "imdbID": "tt4369184",
        "Type": "movie",
        "Poster": "https://images-na.ssl-images-amazon.com/images/M/MV5BMTU3MTQxMjIxOV5BMl5BanBnXkFtZTcwODQwNjYwNw@@._V1_SX300.jpg"
    },
    {
        "Title": "Russian Terminator",
        "Year": "1989",
        "imdbID": "tt0100531",
        "Type": "movie",
        "Poster": "https://images-na.ssl-images-amazon.com/images/M/MV5BYjBmM2YyMGMtZTMxZS00OWZlLWEyYzQtNzUyYWFmMWM2N2M1XkEyXkFqcGdeQXVyMjUyNDk2ODc@._V1_SX300.jpg"
    },
    {
        "Title": "Terminator Woman",
        "Year": "1993",
        "imdbID": "tt0108313",
        "Type": "movie",
        "Poster": "https://images-na.ssl-images-amazon.com/images/M/MV5BMTcwMTE0MTgzMV5BMl5BanBnXkFtZTcwOTYyOTAwMQ@@._V1_SX300.jpg"
    },
    {
        "Title": "Terminator 3: Redemption",
        "Year": "2004",
        "imdbID": "tt0402527",
        "Type": "game",
        "Poster": "N/A"
    },
    {
        "Title": "The Making of 'Terminator'",
        "Year": "1984",
        "imdbID": "tt0267719",
        "Type": "movie",
        "Poster": "https://images-na.ssl-images-amazon.com/images/M/MV5BMTQ3MzE5NTI0Nl5BMl5BanBnXkFtZTgwNDE1OTk1MDE@._V1_SX300.jpg"
    }
]